{
    "name":"token-lean",
    "title": "Token Lean: Peek Around Corners",
    "description": "Want to look around corners without moving your token? Stack up on a door and peek around? Just lean!",
    "author": "WesBelmont",
    "authors": [
      {
        "name": "WesBelmont",
        "discord": "WesBelmont#7510"
      }
    ],
    "url": "https://github.com/WesBelmont/token-lean",
    "flags": {
      "allowBugReporter": true
    },
    "version": "2.0.0",
    "minimumCoreVersion": "9",
    "compatibleCoreVersion": "9",
    "scripts": [],
    "esmodules": ["index.mjs"],
    "styles": [],
    "languages": [
        {
            "lang": "en",
            "name": "English",
            "path": "lang/en.json"
        }
    ],
    "packs": [
      {
        "name":"token-lean-macros",
        "label":"Token Lean Macros",
        "path": "./packs/token-lean-macros.db",
        "entity": "Macro"
      }
    ],
    "system": [],
    "dependencies": [
      {
        "name": "lib-wrapper"
      }
    ],
    "socket": false,
    "manifest": "https://github.com/WesBelmont/token-lean/releases/latest/download/module.json",
    "download": "https://github.com/WesBelmont/token-lean/releases/download/2.0.0/module.zip",
    "bugs": "https://github.com/WesBelmont/token-lean/issues",
    "changelog": "https://github.com/WesBelmont/token-lean/blob/master/changelog.md",
    "readme": "https://github.com/WesBelmont/token-lean/blob/master/readme.md",
    "protected": false,
    "coreTranslation": false,
    "library": false
  }
